date,model,actual,forecast,delta,change_group,absolute_error,squared_error
2024-04-26,persistence,41.80000000,41.90000000,0.10000000,quiet,0.10000000,0.01000000
2024-04-27,persistence,41.60000000,41.80000000,0.20000000,quiet,0.20000000,0.04000000
2024-04-28,persistence,41.40000000,41.60000000,0.20000000,quiet,0.20000000,0.04000000
2024-04-29,persistence,41.30000000,41.40000000,0.10000000,quiet,0.10000000,0.01000000
2024-04-30,persistence,40.20000000,41.30000000,1.10000000,volatile,1.10000000,1.21000000
2024-05-01,persistence,41.10000000,40.20000000,0.90000000,volatile,0.90000000,0.81000000
2024-05-02,persistence,42.70000000,41.10000000,1.60000000,volatile,1.60000000,2.56000000
2024-05-03,persistence,42.70000000,42.70000000,0.00000000,quiet,0.00000000,0.00000000
2024-05-04,persistence,42.60000000,42.70000000,0.10000000,quiet,0.10000000,0.01000000
2024-05-05,persistence,42.30000000,42.60000000,0.30000000,medium,0.30000000,0.09000000
2024-05-06,persistence,42.20000000,42.30000000,0.10000000,quiet,0.10000000,0.01000000
2024-05-07,persistence,41.90000000,42.20000000,0.30000000,medium,0.30000000,0.09000000
2024-05-08,persistence,41.70000000,41.90000000,0.20000000,quiet,0.20000000,0.04000000
2024-05-09,persistence,41.50000000,41.70000000,0.20000000,quiet,0.20000000,0.04000000
2024-05-10,persistence,41.20000000,41.50000000,0.30000000,medium,0.30000000,0.09000000
2024-05-11,persistence,41.00000000,41.20000000,0.20000000,quiet,0.20000000,0.04000000
2024-05-12,persistence,40.80000000,41.00000000,0.20000000,quiet,0.20000000,0.04000000
2024-05-13,persistence,40.50000000,40.80000000,0.30000000,medium,0.30000000,0.09000000
2024-05-14,persistence,40.10000000,40.50000000,0.40000000,medium,0.40000000,0.16000000
2024-05-15,persistence,41.20000000,40.10000000,1.10000000,volatile,1.10000000,1.21000000
2024-05-16,persistence,42.60000000,41.20000000,1.40000000,volatile,1.40000000,1.96000000
2024-05-17,persistence,43.20000000,42.60000000,0.60000000,volatile,0.60000000,0.36000000
2024-05-18,persistence,44.70000000,43.20000000,1.50000000,volatile,1.50000000,2.25000000
2024-05-19,persistence,44.50000000,44.70000000,0.20000000,quiet,0.20000000,0.04000000
2024-05-20,persistence,45.80000000,44.50000000,1.30000000,volatile,1.30000000,1.69000000
2024-05-21,persistence,50.40000000,45.80000000,4.60000000,volatile,4.60000000,21.16000000
2024-05-22,persistence,48.00000000,50.40000000,2.40000000,volatile,2.40000000,5.76000000
2024-05-23,persistence,48.50000000,48.00000000,0.50000000,medium,0.50000000,0.25000000
2024-04-26,nbeatsx_lstm,41.80000000,41.83276400,0.10000000,quiet,0.03276400,0.00107348
2024-04-27,nbeatsx_lstm,41.60000000,41.63843500,0.20000000,quiet,0.03843500,0.00147725
2024-04-28,nbeatsx_lstm,41.40000000,41.47916400,0.20000000,quiet,0.07916400,0.00626694
2024-04-29,nbeatsx_lstm,41.30000000,41.14953600,0.10000000,quiet,0.15046400,0.02263942
2024-04-30,nbeatsx_lstm,40.20000000,41.23587400,1.10000000,volatile,1.03587400,1.07303494
2024-05-01,nbeatsx_lstm,41.10000000,41.36516600,0.90000000,volatile,0.26516600,0.07031301
2024-05-02,nbeatsx_lstm,42.70000000,39.91423800,1.60000000,volatile,2.78576200,7.76046992
2024-05-03,nbeatsx_lstm,42.70000000,40.91834000,0.00000000,quiet,1.78166000,3.17431236
2024-05-04,nbeatsx_lstm,42.60000000,42.32797200,0.10000000,quiet,0.27202800,0.07399923
2024-05-05,nbeatsx_lstm,42.30000000,42.54802300,0.30000000,medium,0.24802300,0.06151541
2024-05-06,nbeatsx_lstm,42.20000000,42.34144000,0.10000000,quiet,0.14144000,0.02000527
2024-05-07,nbeatsx_lstm,41.90000000,42.09719000,0.30000000,medium,0.19719000,0.03888390
2024-05-08,nbeatsx_lstm,41.70000000,41.82343300,0.20000000,quiet,0.12343300,0.01523571
2024-05-09,nbeatsx_lstm,41.50000000,41.47335000,0.20000000,quiet,0.02665000,0.00071022
2024-05-10,nbeatsx_lstm,41.20000000,41.24790600,0.30000000,medium,0.04790600,0.00229498
2024-05-11,nbeatsx_lstm,41.00000000,40.96507600,0.20000000,quiet,0.03492400,0.00121969
2024-05-12,nbeatsx_lstm,40.80000000,40.76791000,0.20000000,quiet,0.03209000,0.00102977
2024-05-13,nbeatsx_lstm,40.50000000,40.58037600,0.30000000,medium,0.08037600,0.00646030
2024-05-14,nbeatsx_lstm,40.10000000,40.51201000,0.40000000,medium,0.41201000,0.16975224
2024-05-15,nbeatsx_lstm,41.20000000,40.20212600,1.10000000,volatile,0.99787400,0.99575252
2024-05-16,nbeatsx_lstm,42.60000000,41.85524400,1.40000000,volatile,0.74475600,0.55466150
2024-05-17,nbeatsx_lstm,43.20000000,41.12413000,0.60000000,volatile,2.07587000,4.30923626
2024-05-18,nbeatsx_lstm,44.70000000,42.17765400,1.50000000,volatile,2.52234600,6.36222934
2024-05-19,nbeatsx_lstm,44.50000000,42.60577000,0.20000000,quiet,1.89423000,3.58810729
2024-05-20,nbeatsx_lstm,45.80000000,44.19961500,1.30000000,volatile,1.60038500,2.56123215
2024-05-21,nbeatsx_lstm,50.40000000,50.23824300,4.60000000,volatile,0.16175700,0.02616533
2024-05-22,nbeatsx_lstm,48.00000000,45.81340400,2.40000000,volatile,2.18659600,4.78120207
2024-05-23,nbeatsx_lstm,48.50000000,50.23999000,0.50000000,medium,1.73999000,3.02756520
2024-04-26,nbeatsx,41.80000000,44.07648000,0.10000000,quiet,2.27648000,5.18236119
2024-04-27,nbeatsx,41.60000000,41.87075800,0.20000000,quiet,0.27075800,0.07330989
2024-04-28,nbeatsx,41.40000000,41.80197500,0.20000000,quiet,0.40197500,0.16158390
2024-04-29,nbeatsx,41.30000000,41.03428600,0.10000000,quiet,0.26571400,0.07060393
2024-04-30,nbeatsx,40.20000000,40.73836000,1.10000000,volatile,0.53836000,0.28983149
2024-05-01,nbeatsx,41.10000000,41.16614000,0.90000000,volatile,0.06614000,0.00437450
2024-05-02,nbeatsx,42.70000000,40.10265400,1.60000000,volatile,2.59734600,6.74620624
2024-05-03,nbeatsx,42.70000000,40.79751000,0.00000000,quiet,1.90249000,3.61946820
2024-05-04,nbeatsx,42.60000000,42.22746000,0.10000000,quiet,0.37254000,0.13878605
2024-05-05,nbeatsx,42.30000000,42.34765200,0.30000000,medium,0.04765200,0.00227071
2024-05-06,nbeatsx,42.20000000,41.76322600,0.10000000,quiet,0.43677400,0.19077153
2024-05-07,nbeatsx,41.90000000,42.52207000,0.30000000,medium,0.62207000,0.38697108
2024-05-08,nbeatsx,41.70000000,41.96898700,0.20000000,quiet,0.26898700,0.07235401
2024-05-09,nbeatsx,41.50000000,41.28875000,0.20000000,quiet,0.21125000,0.04462656
2024-05-10,nbeatsx,41.20000000,40.55992500,0.30000000,medium,0.64007500,0.40969601
2024-05-11,nbeatsx,41.00000000,41.53734200,0.20000000,quiet,0.53734200,0.28873642
2024-05-12,nbeatsx,40.80000000,40.45698000,0.20000000,quiet,0.34302000,0.11766272
2024-05-13,nbeatsx,40.50000000,40.28697600,0.30000000,medium,0.21302400,0.04537922
2024-05-14,nbeatsx,40.10000000,40.39652000,0.40000000,medium,0.29652000,0.08792411
2024-05-15,nbeatsx,41.20000000,39.95989600,1.10000000,volatile,1.24010400,1.53785793
2024-05-16,nbeatsx,42.60000000,42.75183500,1.40000000,volatile,0.15183500,0.02305387
2024-05-17,nbeatsx,43.20000000,41.05461000,0.60000000,volatile,2.14539000,4.60269825
2024-05-18,nbeatsx,44.70000000,42.53187000,1.50000000,volatile,2.16813000,4.70078770
2024-05-19,nbeatsx,44.50000000,43.93557700,0.20000000,quiet,0.56442300,0.31857332
2024-05-20,nbeatsx,45.80000000,44.96320700,1.30000000,volatile,0.83679300,0.70022252
2024-05-21,nbeatsx,50.40000000,45.26273300,4.60000000,volatile,5.13726700,26.39151223
2024-05-22,nbeatsx,48.00000000,47.63978000,2.40000000,volatile,0.36022000,0.12975845
2024-05-23,nbeatsx,48.50000000,48.48166700,0.50000000,medium,0.01833300,0.00033610
2024-04-26,lstm,41.80000000,41.17134500,0.10000000,quiet,0.62865500,0.39520711
2024-04-27,lstm,41.60000000,41.22764600,0.20000000,quiet,0.37235400,0.13864750
2024-04-28,lstm,41.40000000,37.07578700,0.20000000,quiet,4.32421300,18.69881807
2024-04-29,lstm,41.30000000,37.46365400,0.10000000,quiet,3.83634600,14.71755063
2024-04-30,lstm,40.20000000,38.11123300,1.10000000,volatile,2.08876700,4.36294758
2024-05-01,lstm,41.10000000,41.01868000,0.90000000,volatile,0.08132000,0.00661294
2024-05-02,lstm,42.70000000,41.21401200,1.60000000,volatile,1.48598800,2.20816034
2024-05-03,lstm,42.70000000,42.25341000,0.00000000,quiet,0.44659000,0.19944263
2024-05-04,lstm,42.60000000,43.24934400,0.10000000,quiet,0.64934400,0.42164763
2024-05-05,lstm,42.30000000,43.52793000,0.30000000,medium,1.22793000,1.50781208
2024-05-06,lstm,42.20000000,43.00155000,0.10000000,quiet,0.80155000,0.64248240
2024-05-07,lstm,41.90000000,42.16740000,0.30000000,medium,0.26740000,0.07150276
2024-05-08,lstm,41.70000000,40.79034000,0.20000000,quiet,0.90966000,0.82748132
2024-05-09,lstm,41.50000000,40.19194400,0.20000000,quiet,1.30805600,1.71101050
2024-05-10,lstm,41.20000000,40.64290600,0.30000000,medium,0.55709400,0.31035372
2024-05-11,lstm,41.00000000,40.24189800,0.20000000,quiet,0.75810200,0.57471864
2024-05-12,lstm,40.80000000,40.45656600,0.20000000,quiet,0.34343400,0.11794691
2024-05-13,lstm,40.50000000,41.95825000,0.30000000,medium,1.45825000,2.12649306
2024-05-14,lstm,40.10000000,42.82665600,0.40000000,medium,2.72665600,7.43465294
2024-05-15,lstm,41.20000000,43.85418300,1.10000000,volatile,2.65418300,7.04468740
2024-05-16,lstm,42.60000000,48.07456600,1.40000000,volatile,5.47456600,29.97087289
2024-05-17,lstm,43.20000000,48.27449000,0.60000000,volatile,5.07449000,25.75044876
2024-05-18,lstm,44.70000000,47.12295000,1.50000000,volatile,2.42295000,5.87068670
2024-05-19,lstm,44.50000000,45.87154400,0.20000000,quiet,1.37154400,1.88113294
2024-05-20,lstm,45.80000000,44.91948300,1.30000000,volatile,0.88051700,0.77531019
2024-05-21,lstm,50.40000000,49.15587600,4.60000000,volatile,1.24412400,1.54784453
2024-05-22,lstm,48.00000000,48.79613000,2.40000000,volatile,0.79613000,0.63382298
2024-05-23,lstm,48.50000000,47.78470200,0.50000000,medium,0.71529800,0.51165123
2024-04-26,tcn,41.80000000,41.68667600,0.10000000,quiet,0.11332400,0.01284233
2024-04-27,tcn,41.60000000,41.86063400,0.20000000,quiet,0.26063400,0.06793008
2024-04-28,tcn,41.40000000,39.27643200,0.20000000,quiet,2.12356800,4.50954105
2024-04-29,tcn,41.30000000,40.78327000,0.10000000,quiet,0.51673000,0.26700989
2024-04-30,tcn,40.20000000,42.83002500,1.10000000,volatile,2.63002500,6.91703150
2024-05-01,tcn,41.10000000,46.06664000,0.90000000,volatile,4.96664000,24.66751289
2024-05-02,tcn,42.70000000,45.63030200,1.60000000,volatile,2.93030200,8.58666981
2024-05-03,tcn,42.70000000,45.12430000,0.00000000,quiet,2.42430000,5.87723049
2024-05-04,tcn,42.60000000,45.84830000,0.10000000,quiet,3.24830000,10.55145289
2024-05-05,tcn,42.30000000,45.19753300,0.30000000,medium,2.89753300,8.39569749
2024-05-06,tcn,42.20000000,43.30876500,0.10000000,quiet,1.10876500,1.22935983
2024-05-07,tcn,41.90000000,45.73366000,0.30000000,medium,3.83366000,14.69694900
2024-05-08,tcn,41.70000000,43.08148000,0.20000000,quiet,1.38148000,1.90848699
2024-05-09,tcn,41.50000000,41.92049000,0.20000000,quiet,0.42049000,0.17681184
2024-05-10,tcn,41.20000000,41.93820600,0.30000000,medium,0.73820600,0.54494810
2024-05-11,tcn,41.00000000,42.99011200,0.20000000,quiet,1.99011200,3.96054577
2024-05-12,tcn,40.80000000,41.46914700,0.20000000,quiet,0.66914700,0.44775771
2024-05-13,tcn,40.50000000,43.09394500,0.30000000,medium,2.59394500,6.72855066
2024-05-14,tcn,40.10000000,43.65639000,0.40000000,medium,3.55639000,12.64790983
2024-05-15,tcn,41.20000000,42.86122500,1.10000000,volatile,1.66122500,2.75966850
2024-05-16,tcn,42.60000000,48.48172400,1.40000000,volatile,5.88172400,34.59467721
2024-05-17,tcn,43.20000000,46.59860600,0.60000000,volatile,3.39860600,11.55052274
2024-05-18,tcn,44.70000000,46.15352000,1.50000000,volatile,1.45352000,2.11272039
2024-05-19,tcn,44.50000000,44.10572400,0.20000000,quiet,0.39427600,0.15545356
2024-05-20,tcn,45.80000000,47.07728000,1.30000000,volatile,1.27728000,1.63144420
2024-05-21,tcn,50.40000000,48.39587800,4.60000000,volatile,2.00412200,4.01650499
2024-05-22,tcn,48.00000000,47.12296300,2.40000000,volatile,0.87703700,0.76919390
2024-05-23,tcn,48.50000000,47.37285000,0.50000000,medium,1.12715000,1.27046712
