date,model,actual,forecast
2023-05-25,persistence,51.50000000,51.50000000
2023-05-26,persistence,51.40000000,51.50000000
2023-05-27,persistence,51.30000000,51.40000000
2023-05-28,persistence,51.50000000,51.30000000
2023-05-29,persistence,51.50000000,51.50000000
2023-05-30,persistence,51.60000000,51.50000000
2023-05-31,persistence,51.60000000,51.60000000
2023-06-01,persistence,51.60000000,51.60000000
2023-06-02,persistence,51.50000000,51.60000000
2023-06-03,persistence,51.50000000,51.50000000
2023-06-04,persistence,51.60000000,51.50000000
2023-06-05,persistence,51.60000000,51.60000000
2023-06-06,persistence,51.70000000,51.60000000
2023-06-07,persistence,51.80000000,51.70000000
2023-06-08,persistence,51.70000000,51.80000000
2023-06-09,persistence,51.60000000,51.70000000
2023-06-10,persistence,51.50000000,51.60000000
2023-06-11,persistence,51.40000000,51.50000000
2023-06-12,persistence,51.30000000,51.40000000
2023-06-13,persistence,51.00000000,51.30000000
2023-06-14,persistence,50.90000000,51.00000000
2023-06-15,persistence,50.70000000,50.90000000
2023-06-16,persistence,51.30000000,50.70000000
2023-06-17,persistence,51.60000000,51.30000000
2023-06-18,persistence,51.70000000,51.60000000
2023-06-19,persistence,51.60000000,51.70000000
2023-06-20,persistence,51.60000000,51.60000000
2023-06-21,persistence,51.70000000,51.60000000
2023-06-22,persistence,51.70000000,51.70000000
2023-06-23,persistence,51.60000000,51.70000000
2023-06-24,persistence,51.60000000,51.60000000
2023-06-25,persistence,51.50000000,51.60000000
2023-06-26,persistence,51.40000000,51.50000000
2023-06-27,persistence,51.60000000,51.40000000
2023-06-28,persistence,51.50000000,51.60000000
2023-06-29,persistence,51.60000000,51.50000000
2023-06-30,persistence,51.60000000,51.60000000
2023-07-01,persistence,51.60000000,51.60000000
2023-07-02,persistence,51.80000000,51.60000000
2023-07-03,persistence,51.80000000,51.80000000
2023-07-04,persistence,51.90000000,51.80000000
2023-07-05,persistence,51.90000000,51.90000000
2023-07-06,persistence,51.60000000,51.90000000
2023-07-07,persistence,51.70000000,51.60000000
2023-07-08,persistence,51.70000000,51.70000000
2023-07-09,persistence,51.80000000,51.70000000
2023-07-10,persistence,51.80000000,51.80000000
2023-07-11,persistence,51.80000000,51.80000000
2023-07-12,persistence,51.70000000,51.80000000
2023-07-13,persistence,51.90000000,51.70000000
2023-07-14,persistence,51.90000000,51.90000000
2023-07-15,persistence,51.80000000,51.90000000
2023-07-16,persistence,51.80000000,51.80000000
2023-07-17,persistence,52.00000000,51.80000000
2023-07-18,persistence,52.10000000,52.00000000
2023-07-19,persistence,52.00000000,52.10000000
2023-07-20,persistence,52.00000000,52.00000000
2023-07-21,persistence,52.00000000,52.00000000
2023-07-22,persistence,52.20000000,52.00000000
2023-07-23,persistence,52.20000000,52.20000000
2023-07-24,persistence,52.10000000,52.20000000
2023-07-25,persistence,52.20000000,52.10000000
2023-07-26,persistence,52.20000000,52.20000000
2023-07-27,persistence,52.30000000,52.20000000
2023-07-28,persistence,52.30000000,52.30000000
2023-07-29,persistence,52.30000000,52.30000000
2023-07-30,persistence,52.30000000,52.30000000
2023-07-31,persistence,52.20000000,52.30000000
2023-08-01,persistence,52.10000000,52.20000000
2023-08-02,persistence,52.20000000,52.10000000
2023-08-03,persistence,52.50000000,52.20000000
2023-08-04,persistence,52.50000000,52.50000000
2023-08-05,persistence,52.20000000,52.50000000
2023-08-06,persistence,52.10000000,52.20000000
2023-08-07,persistence,51.90000000,52.10000000
2023-08-08,persistence,52.00000000,51.90000000
2023-08-09,persistence,52.30000000,52.00000000
2023-08-10,persistence,52.10000000,52.30000000
2023-08-11,persistence,52.10000000,52.10000000
2023-08-12,persistence,51.90000000,52.10000000
2023-08-13,persistence,51.90000000,51.90000000
2023-08-14,persistence,52.00000000,51.90000000
2023-08-15,persistence,52.30000000,52.00000000
2023-08-16,persistence,52.00000000,52.30000000
2023-08-17,persistence,52.30000000,52.00000000
2023-08-18,persistence,52.10000000,52.30000000
2023-08-19,persistence,52.00000000,52.10000000
2023-08-20,persistence,52.40000000,52.00000000
2023-08-21,persistence,52.50000000,52.40000000
2023-08-22,persistence,52.60000000,52.50000000
2023-08-23,persistence,52.50000000,52.60000000
2023-08-24,persistence,52.20000000,52.50000000
2023-08-25,persistence,51.90000000,52.20000000
2023-08-26,persistence,51.50000000,51.90000000
2023-08-27,persistence,51.30000000,51.50000000
2023-08-28,persistence,51.10000000,51.30000000
2023-08-29,persistence,50.80000000,51.10000000
2023-08-30,persistence,51.10000000,50.80000000
2023-08-31,persistence,52.00000000,51.10000000
2023-09-01,persistence,51.60000000,52.00000000
2023-09-02,persistence,51.50000000,51.60000000
2023-09-03,persistence,51.30000000,51.50000000
2023-09-04,persistence,51.80000000,51.30000000
2023-09-05,persistence,52.10000000,51.80000000
2023-09-06,persistence,52.10000000,52.10000000
2023-09-07,persistence,52.10000000,52.10000000
2023-09-08,persistence,52.10000000,52.10000000
2023-09-09,persistence,52.10000000,52.10000000
2023-09-10,persistence,51.90000000,52.10000000
2023-09-11,persistence,51.80000000,51.90000000
2023-09-12,persistence,52.10000000,51.80000000
2023-09-13,persistence,52.10000000,52.10000000
2023-09-14,persistence,52.00000000,52.10000000
2023-09-15,persistence,51.90000000,52.00000000
2023-09-16,persistence,52.00000000,51.90000000
2023-09-17,persistence,51.70000000,52.00000000
2023-09-18,persistence,51.40000000,51.70000000
2023-09-19,persistence,51.20000000,51.40000000
2023-09-20,persistence,51.00000000,51.20000000
2023-09-21,persistence,50.60000000,51.00000000
2023-09-22,persistence,50.40000000,50.60000000
2023-09-23,persistence,50.40000000,50.40000000
2023-09-24,persistence,52.10000000,50.40000000
2023-09-25,persistence,52.20000000,52.10000000
2023-09-26,persistence,52.20000000,52.20000000
2023-09-27,persistence,52.30000000,52.20000000
2023-09-28,persistence,52.30000000,52.30000000
2023-09-29,persistence,52.30000000,52.30000000
2023-09-30,persistence,52.30000000,52.30000000
2023-10-01,persistence,52.50000000,52.30000000
2023-10-02,persistence,52.50000000,52.50000000
2023-10-03,persistence,52.40000000,52.50000000
2023-10-04,persistence,52.30000000,52.40000000
2023-10-05,persistence,52.00000000,52.30000000
2023-10-06,persistence,51.70000000,52.00000000
2023-10-07,persistence,51.30000000,51.70000000
2023-10-08,persistence,51.10000000,51.30000000
2023-10-09,persistence,51.10000000,51.10000000
2023-10-10,persistence,51.00000000,51.10000000
2023-10-11,persistence,50.90000000,51.00000000
2023-10-12,persistence,50.70000000,50.90000000
2023-10-13,persistence,50.50000000,50.70000000
2023-10-14,persistence,50.40000000,50.50000000
2023-10-15,persistence,50.20000000,50.40000000
2023-10-16,persistence,50.00000000,50.20000000
2023-10-17,persistence,49.60000000,50.00000000
2023-10-18,persistence,49.40000000,49.60000000
2023-10-19,persistence,48.90000000,49.40000000
2023-10-20,persistence,48.40000000,48.90000000
2023-10-21,persistence,48.10000000,48.40000000
2023-10-22,persistence,47.40000000,48.10000000
2023-10-23,persistence,46.70000000,47.40000000
2023-10-24,persistence,46.80000000,46.70000000
2023-10-25,persistence,48.10000000,46.80000000
2023-10-26,persistence,48.30000000,48.10000000
2023-10-27,persistence,48.20000000,48.30000000
2023-10-28,persistence,48.00000000,48.20000000
2023-10-29,persistence,47.90000000,48.00000000
2023-10-30,persistence,52.20000000,47.90000000
2023-10-31,persistence,52.70000000,52.20000000
2023-11-01,persistence,52.50000000,52.70000000
2023-11-02,persistence,52.00000000,52.50000000
2023-11-03,persistence,52.10000000,52.00000000
2023-11-04,persistence,52.50000000,52.10000000
2023-11-05,persistence,52.10000000,52.50000000
2023-11-06,persistence,51.70000000,52.10000000
2023-11-07,persistence,50.90000000,51.70000000
2023-11-08,persistence,50.40000000,50.90000000
2023-11-09,persistence,49.80000000,50.40000000
2023-11-10,persistence,49.60000000,49.80000000
2023-11-11,persistence,49.20000000,49.60000000
2023-11-12,persistence,48.90000000,49.20000000
2023-11-13,persistence,48.30000000,48.90000000
2023-11-14,persistence,48.20000000,48.30000000
2023-11-15,persistence,48.40000000,48.20000000
2023-11-16,persistence,48.40000000,48.40000000
2023-11-17,persistence,48.00000000,48.40000000
2023-11-18,persistence,47.70000000,48.00000000
2023-11-19,persistence,50.80000000,47.70000000
2023-11-20,persistence,51.90000000,50.80000000
2023-11-21,persistence,51.60000000,51.90000000
2023-11-22,persistence,50.90000000,51.60000000
2023-11-23,persistence,49.90000000,50.90000000
2023-11-24,persistence,49.30000000,49.90000000
2023-11-25,persistence,48.70000000,49.30000000
2023-11-26,persistence,48.00000000,48.70000000
2023-11-27,persistence,47.10000000,48.00000000
2023-11-28,persistence,46.10000000,47.10000000
2023-11-29,persistence,45.70000000,46.10000000
2023-11-30,persistence,44.70000000,45.70000000
2023-12-01,persistence,44.10000000,44.70000000
2023-12-02,persistence,44.00000000,44.10000000
2023-12-03,persistence,41.50000000,44.00000000
2023-12-04,persistence,43.30000000,41.50000000
2023-12-05,persistence,47.90000000,43.30000000
2023-12-06,persistence,51.90000000,47.90000000
2023-12-07,persistence,51.00000000,51.90000000
2023-12-08,persistence,49.70000000,51.00000000
2023-12-09,persistence,48.50000000,49.70000000
2023-12-10,persistence,48.40000000,48.50000000
2023-12-11,persistence,48.80000000,48.40000000
2023-12-12,persistence,46.90000000,48.80000000
2023-12-13,persistence,44.50000000,46.90000000
2023-12-14,persistence,44.10000000,44.50000000
2023-12-15,persistence,43.10000000,44.10000000
2023-12-16,persistence,40.70000000,43.10000000
2023-12-17,persistence,38.70000000,40.70000000
2023-12-18,persistence,36.50000000,38.70000000
2023-12-19,persistence,35.30000000,36.50000000
2023-12-20,persistence,34.50000000,35.30000000
2023-12-21,persistence,33.10000000,34.50000000
2023-12-22,persistence,31.90000000,33.10000000
2023-12-23,persistence,33.00000000,31.90000000
2023-12-24,persistence,32.10000000,33.00000000
2023-12-25,persistence,35.00000000,32.10000000
2023-12-26,persistence,43.90000000,35.00000000
2023-12-27,persistence,43.50000000,43.90000000
2023-12-28,persistence,42.60000000,43.50000000
2023-12-29,persistence,46.50000000,42.60000000
2023-12-30,persistence,51.40000000,46.50000000
2023-12-31,persistence,50.40000000,51.40000000
2024-01-01,persistence,51.50000000,50.40000000
2024-01-02,persistence,50.20000000,51.50000000
2024-01-03,persistence,49.00000000,50.20000000
2024-01-04,persistence,48.00000000,49.00000000
2024-01-05,persistence,47.50000000,48.00000000
2024-01-06,persistence,48.50000000,47.50000000
2024-01-07,persistence,49.00000000,48.50000000
2024-01-08,persistence,47.80000000,49.00000000
2024-01-09,persistence,46.50000000,47.80000000
2024-01-10,persistence,45.00000000,46.50000000
2024-01-11,persistence,44.40000000,45.00000000
2024-01-12,persistence,41.40000000,44.40000000
2024-01-13,persistence,39.10000000,41.40000000
2024-01-14,persistence,36.60000000,39.10000000
2024-01-15,persistence,39.90000000,36.60000000
2024-01-16,persistence,48.10000000,39.90000000
2024-01-17,persistence,46.40000000,48.10000000
2024-01-18,persistence,45.30000000,46.40000000
2024-01-19,persistence,46.30000000,45.30000000
2024-01-20,persistence,47.50000000,46.30000000
2024-01-21,persistence,45.40000000,47.50000000
2024-01-22,persistence,45.40000000,45.40000000
2024-01-23,persistence,45.00000000,45.40000000
2024-01-24,persistence,41.30000000,45.00000000
2024-01-25,persistence,38.80000000,41.30000000
2024-01-26,persistence,36.50000000,38.80000000
2024-01-27,persistence,34.50000000,36.50000000
2024-01-28,persistence,37.60000000,34.50000000
2024-01-29,persistence,46.40000000,37.60000000
2024-01-30,persistence,44.50000000,46.40000000
2024-01-31,persistence,42.60000000,44.50000000
2024-02-01,persistence,40.60000000,42.60000000
2024-02-02,persistence,38.60000000,40.60000000
2024-02-03,persistence,46.00000000,38.60000000
2024-02-04,persistence,45.70000000,46.00000000
2024-02-05,persistence,44.50000000,45.70000000
2024-02-06,persistence,42.80000000,44.50000000
2024-02-07,persistence,40.70000000,42.80000000
2024-02-08,persistence,38.40000000,40.70000000
2024-02-09,persistence,36.30000000,38.40000000
2024-02-10,persistence,35.00000000,36.30000000
2024-02-11,persistence,33.50000000,35.00000000
2024-02-12,persistence,31.70000000,33.50000000
2024-02-13,persistence,30.40000000,31.70000000
2024-02-14,persistence,29.00000000,30.40000000
2024-02-15,persistence,27.50000000,29.00000000
2024-02-16,persistence,26.40000000,27.50000000
2024-02-17,persistence,25.30000000,26.40000000
2024-02-18,persistence,24.20000000,25.30000000
2024-02-19,persistence,23.40000000,24.20000000
2024-02-20,persistence,22.60000000,23.40000000
2024-02-21,persistence,21.70000000,22.60000000
2024-02-22,persistence,21.00000000,21.70000000
2024-02-23,persistence,20.50000000,21.00000000
2024-02-24,persistence,19.90000000,20.50000000
2024-02-25,persistence,21.50000000,19.90000000
2024-02-26,persistence,30.00000000,21.50000000
2024-02-27,persistence,31.50000000,30.00000000
2024-02-28,persistence,31.60000000,31.50000000
2024-02-29,persistence,31.80000000,31.60000000
2024-03-01,persistence,30.40000000,31.80000000
2024-03-02,persistence,28.90000000,30.40000000
2024-03-03,persistence,29.70000000,28.90000000
2024-03-04,persistence,33.70000000,29.70000000
2024-03-05,persistence,40.50000000,33.70000000
2024-03-06,persistence,39.10000000,40.50000000
2024-03-07,persistence,38.20000000,39.10000000
2024-03-08,persistence,37.50000000,38.20000000
2024-03-09,persistence,36.60000000,37.50000000
2024-03-10,persistence,35.50000000,36.60000000
2024-03-11,persistence,34.30000000,35.50000000
2024-03-12,persistence,33.20000000,34.30000000
2024-03-13,persistence,32.60000000,33.20000000
2024-03-14,persistence,31.50000000,32.60000000
2024-03-15,persistence,30.70000000,31.50000000
2024-03-16,persistence,32.10000000,30.70000000
2024-03-17,persistence,31.10000000,32.10000000
2024-03-18,persistence,30.00000000,31.10000000
2024-03-19,persistence,28.90000000,30.00000000
2024-03-20,persistence,27.70000000,28.90000000
2024-03-21,persistence,26.60000000,27.70000000
2024-03-22,persistence,25.90000000,26.60000000
2024-03-23,persistence,25.60000000,25.90000000
2024-03-24,persistence,25.60000000,25.60000000
2024-03-25,persistence,25.30000000,25.60000000
2024-03-26,persistence,24.90000000,25.30000000
2024-03-27,persistence,24.60000000,24.90000000
2024-03-28,persistence,24.40000000,24.60000000
2024-03-29,persistence,27.10000000,24.40000000
2024-03-30,persistence,27.00000000,27.10000000
2024-03-31,persistence,26.40000000,27.00000000
2024-04-01,persistence,25.70000000,26.40000000
2024-04-02,persistence,25.30000000,25.70000000
2024-04-03,persistence,24.70000000,25.30000000
2024-04-04,persistence,24.20000000,24.70000000
2024-04-05,persistence,24.00000000,24.20000000
2024-04-06,persistence,29.20000000,24.00000000
2024-04-07,persistence,32.00000000,29.20000000
2024-04-08,persistence,31.60000000,32.00000000
2024-04-09,persistence,34.10000000,31.60000000
2024-04-10,persistence,33.60000000,34.10000000
2024-04-11,persistence,33.70000000,33.60000000
2024-04-12,persistence,44.60000000,33.70000000
2024-04-13,persistence,40.80000000,44.60000000
2024-04-14,persistence,40.20000000,40.80000000
2024-04-15,persistence,39.90000000,40.20000000
2024-04-16,persistence,39.40000000,39.90000000
2024-04-17,persistence,39.00000000,39.40000000
2024-04-18,persistence,38.80000000,39.00000000
2024-04-19,persistence,39.70000000,38.80000000
2024-04-20,persistence,48.80000000,39.70000000
2024-04-21,persistence,45.90000000,48.80000000
2024-04-22,persistence,45.80000000,45.90000000
2024-04-23,persistence,46.40000000,45.80000000
2024-04-24,persistence,42.20000000,46.40000000
2024-04-25,persistence,41.90000000,42.20000000
2024-04-26,persistence,41.80000000,41.90000000
2024-04-27,persistence,41.60000000,41.80000000
2024-04-28,persistence,41.40000000,41.60000000
2024-04-29,persistence,41.30000000,41.40000000
2024-04-30,persistence,40.20000000,41.30000000
2024-05-01,persistence,41.10000000,40.20000000
2024-05-02,persistence,42.70000000,41.10000000
2024-05-03,persistence,42.70000000,42.70000000
2024-05-04,persistence,42.60000000,42.70000000
2024-05-05,persistence,42.30000000,42.60000000
2024-05-06,persistence,42.20000000,42.30000000
2024-05-07,persistence,41.90000000,42.20000000
2024-05-08,persistence,41.70000000,41.90000000
2024-05-09,persistence,41.50000000,41.70000000
2024-05-10,persistence,41.20000000,41.50000000
2024-05-11,persistence,41.00000000,41.20000000
2024-05-12,persistence,40.80000000,41.00000000
2024-05-13,persistence,40.50000000,40.80000000
2024-05-14,persistence,40.10000000,40.50000000
2024-05-15,persistence,41.20000000,40.10000000
2024-05-16,persistence,42.60000000,41.20000000
2024-05-17,persistence,43.20000000,42.60000000
2024-05-18,persistence,44.70000000,43.20000000
2024-05-19,persistence,44.50000000,44.70000000
2024-05-20,persistence,45.80000000,44.50000000
2024-05-21,persistence,50.40000000,45.80000000
2024-05-22,persistence,48.00000000,50.40000000
2024-05-23,persistence,48.50000000,48.00000000
2023-05-25,nbeatsx_lstm,51.50000000,51.05373383
2023-05-26,nbeatsx_lstm,51.40000000,51.14959335
2023-05-27,nbeatsx_lstm,51.30000000,50.80246735
2023-05-28,nbeatsx_lstm,51.50000000,51.33572388
2023-05-29,nbeatsx_lstm,51.50000000,51.61800385
2023-05-30,nbeatsx_lstm,51.60000000,52.03235245
2023-05-31,nbeatsx_lstm,51.60000000,51.04269409
2023-06-01,nbeatsx_lstm,51.60000000,51.09519958
2023-06-02,nbeatsx_lstm,51.50000000,51.35188675
2023-06-03,nbeatsx_lstm,51.50000000,51.70673370
2023-06-04,nbeatsx_lstm,51.60000000,51.35813141
2023-06-05,nbeatsx_lstm,51.60000000,51.05682373
2023-06-06,nbeatsx_lstm,51.70000000,53.36132050
2023-06-07,nbeatsx_lstm,51.80000000,52.52518845
2023-06-08,nbeatsx_lstm,51.70000000,51.29785156
2023-06-09,nbeatsx_lstm,51.60000000,51.41486740
2023-06-10,nbeatsx_lstm,51.50000000,51.24363327
2023-06-11,nbeatsx_lstm,51.40000000,51.10913849
2023-06-12,nbeatsx_lstm,51.30000000,50.97764206
2023-06-13,nbeatsx_lstm,51.00000000,51.04500198
2023-06-14,nbeatsx_lstm,50.90000000,50.94261169
2023-06-15,nbeatsx_lstm,50.70000000,50.45819855
2023-06-16,nbeatsx_lstm,51.30000000,50.59084702
2023-06-17,nbeatsx_lstm,51.60000000,52.85992050
2023-06-18,nbeatsx_lstm,51.70000000,52.77560043
2023-06-19,nbeatsx_lstm,51.60000000,51.24931335
2023-06-20,nbeatsx_lstm,51.60000000,51.40265656
2023-06-21,nbeatsx_lstm,51.70000000,51.25189972
2023-06-22,nbeatsx_lstm,51.70000000,52.33901215
2023-06-23,nbeatsx_lstm,51.60000000,55.70463943
2023-06-24,nbeatsx_lstm,51.60000000,54.35703278
2023-06-25,nbeatsx_lstm,51.50000000,52.99234009
2023-06-26,nbeatsx_lstm,51.40000000,52.25146484
2023-06-27,nbeatsx_lstm,51.60000000,52.08186340
2023-06-28,nbeatsx_lstm,51.50000000,51.28123856
2023-06-29,nbeatsx_lstm,51.60000000,51.25046921
2023-06-30,nbeatsx_lstm,51.60000000,52.53336334
2023-07-01,nbeatsx_lstm,51.60000000,53.55299759
2023-07-02,nbeatsx_lstm,51.80000000,51.80349350
2023-07-03,nbeatsx_lstm,51.80000000,53.59972000
2023-07-04,nbeatsx_lstm,51.90000000,51.70590210
2023-07-05,nbeatsx_lstm,51.90000000,51.23277283
2023-07-06,nbeatsx_lstm,51.60000000,51.72137833
2023-07-07,nbeatsx_lstm,51.70000000,51.41835403
2023-07-08,nbeatsx_lstm,51.70000000,54.51933289
2023-07-09,nbeatsx_lstm,51.80000000,51.14410019
2023-07-10,nbeatsx_lstm,51.80000000,52.41862488
2023-07-11,nbeatsx_lstm,51.80000000,52.01958847
2023-07-12,nbeatsx_lstm,51.70000000,52.26158524
2023-07-13,nbeatsx_lstm,51.90000000,51.53373718
2023-07-14,nbeatsx_lstm,51.90000000,51.54778290
2023-07-15,nbeatsx_lstm,51.80000000,52.04760361
2023-07-16,nbeatsx_lstm,51.80000000,51.64407349
2023-07-17,nbeatsx_lstm,52.00000000,51.30918503
2023-07-18,nbeatsx_lstm,52.10000000,51.51288223
2023-07-19,nbeatsx_lstm,52.00000000,51.54957199
2023-07-20,nbeatsx_lstm,52.00000000,51.39959335
2023-07-21,nbeatsx_lstm,52.00000000,54.02718735
2023-07-22,nbeatsx_lstm,52.20000000,58.35195160
2023-07-23,nbeatsx_lstm,52.20000000,51.55051422
2023-07-24,nbeatsx_lstm,52.10000000,51.52631760
2023-07-25,nbeatsx_lstm,52.20000000,52.00424576
2023-07-26,nbeatsx_lstm,52.20000000,52.23896027
2023-07-27,nbeatsx_lstm,52.30000000,52.84565735
2023-07-28,nbeatsx_lstm,52.30000000,52.09113693
2023-07-29,nbeatsx_lstm,52.30000000,51.78308868
2023-07-30,nbeatsx_lstm,52.30000000,51.74273682
2023-07-31,nbeatsx_lstm,52.20000000,51.69778442
2023-08-01,nbeatsx_lstm,52.10000000,51.87648392
2023-08-02,nbeatsx_lstm,52.20000000,51.87249374
2023-08-03,nbeatsx_lstm,52.50000000,53.57741165
2023-08-04,nbeatsx_lstm,52.50000000,51.81077957
2023-08-05,nbeatsx_lstm,52.20000000,52.28839874
2023-08-06,nbeatsx_lstm,52.10000000,52.16263962
2023-08-07,nbeatsx_lstm,51.90000000,51.82778549
2023-08-08,nbeatsx_lstm,52.00000000,51.92049026
2023-08-09,nbeatsx_lstm,52.30000000,52.12152863
2023-08-10,nbeatsx_lstm,52.10000000,51.73351669
2023-08-11,nbeatsx_lstm,52.10000000,52.03154755
2023-08-12,nbeatsx_lstm,51.90000000,51.70066071
2023-08-13,nbeatsx_lstm,51.90000000,51.82549667
2023-08-14,nbeatsx_lstm,52.00000000,51.73084259
2023-08-15,nbeatsx_lstm,52.30000000,52.11917877
2023-08-16,nbeatsx_lstm,52.00000000,51.64519119
2023-08-17,nbeatsx_lstm,52.30000000,52.21500015
2023-08-18,nbeatsx_lstm,52.10000000,51.47533035
2023-08-19,nbeatsx_lstm,52.00000000,51.69643402
2023-08-20,nbeatsx_lstm,52.40000000,52.58431244
2023-08-21,nbeatsx_lstm,52.50000000,53.33156967
2023-08-22,nbeatsx_lstm,52.60000000,53.32581711
2023-08-23,nbeatsx_lstm,52.50000000,51.85626221
2023-08-24,nbeatsx_lstm,52.20000000,51.85917664
2023-08-25,nbeatsx_lstm,51.90000000,52.12274551
2023-08-26,nbeatsx_lstm,51.50000000,51.55153656
2023-08-27,nbeatsx_lstm,51.30000000,51.46811676
2023-08-28,nbeatsx_lstm,51.10000000,51.15190125
2023-08-29,nbeatsx_lstm,50.80000000,50.66102982
2023-08-30,nbeatsx_lstm,51.10000000,50.83008957
2023-08-31,nbeatsx_lstm,52.00000000,51.01829529
2023-09-01,nbeatsx_lstm,51.60000000,50.68597031
2023-09-02,nbeatsx_lstm,51.50000000,51.56538391
2023-09-03,nbeatsx_lstm,51.30000000,51.10234451
2023-09-04,nbeatsx_lstm,51.80000000,51.66808701
2023-09-05,nbeatsx_lstm,52.10000000,53.58370590
2023-09-06,nbeatsx_lstm,52.10000000,52.14107895
2023-09-07,nbeatsx_lstm,52.10000000,52.24175262
2023-09-08,nbeatsx_lstm,52.10000000,51.63834381
2023-09-09,nbeatsx_lstm,52.10000000,51.37539291
2023-09-10,nbeatsx_lstm,51.90000000,51.50949097
2023-09-11,nbeatsx_lstm,51.80000000,51.24863434
2023-09-12,nbeatsx_lstm,52.10000000,53.67613983
2023-09-13,nbeatsx_lstm,52.10000000,50.96939850
2023-09-14,nbeatsx_lstm,52.00000000,51.36711121
2023-09-15,nbeatsx_lstm,51.90000000,51.51074982
2023-09-16,nbeatsx_lstm,52.00000000,51.78568649
2023-09-17,nbeatsx_lstm,51.70000000,51.14669800
2023-09-18,nbeatsx_lstm,51.40000000,50.98891068
2023-09-19,nbeatsx_lstm,51.20000000,51.23994827
2023-09-20,nbeatsx_lstm,51.00000000,50.58013535
2023-09-21,nbeatsx_lstm,50.60000000,50.67915344
2023-09-22,nbeatsx_lstm,50.40000000,50.40689850
2023-09-23,nbeatsx_lstm,50.40000000,50.13069153
2023-09-24,nbeatsx_lstm,52.10000000,52.09951782
2023-09-25,nbeatsx_lstm,52.20000000,50.57124329
2023-09-26,nbeatsx_lstm,52.20000000,53.21952438
2023-09-27,nbeatsx_lstm,52.30000000,51.89424133
2023-09-28,nbeatsx_lstm,52.30000000,51.82164764
2023-09-29,nbeatsx_lstm,52.30000000,52.71348190
2023-09-30,nbeatsx_lstm,52.30000000,51.87929153
2023-10-01,nbeatsx_lstm,52.50000000,53.75448990
2023-10-02,nbeatsx_lstm,52.50000000,51.66390228
2023-10-03,nbeatsx_lstm,52.40000000,52.28444672
2023-10-04,nbeatsx_lstm,52.30000000,51.69963837
2023-10-05,nbeatsx_lstm,52.00000000,51.32425690
2023-10-06,nbeatsx_lstm,51.70000000,51.41355515
2023-10-07,nbeatsx_lstm,51.30000000,51.13065720
2023-10-08,nbeatsx_lstm,51.10000000,51.67532730
2023-10-09,nbeatsx_lstm,51.10000000,51.04902649
2023-10-10,nbeatsx_lstm,51.00000000,50.47386169
2023-10-11,nbeatsx_lstm,50.90000000,50.81740952
2023-10-12,nbeatsx_lstm,50.70000000,50.71554565
2023-10-13,nbeatsx_lstm,50.50000000,50.42549896
2023-10-14,nbeatsx_lstm,50.40000000,50.21728516
2023-10-15,nbeatsx_lstm,50.20000000,49.84383774
2023-10-16,nbeatsx_lstm,50.00000000,49.90720367
2023-10-17,nbeatsx_lstm,49.60000000,49.68761444
2023-10-18,nbeatsx_lstm,49.40000000,49.36868286
2023-10-19,nbeatsx_lstm,48.90000000,48.93047333
2023-10-20,nbeatsx_lstm,48.40000000,48.40573502
2023-10-21,nbeatsx_lstm,48.10000000,48.39218903
2023-10-22,nbeatsx_lstm,47.40000000,47.79025650
2023-10-23,nbeatsx_lstm,46.70000000,47.21795654
2023-10-24,nbeatsx_lstm,46.80000000,47.09804535
2023-10-25,nbeatsx_lstm,48.10000000,47.47171783
2023-10-26,nbeatsx_lstm,48.30000000,46.73544693
2023-10-27,nbeatsx_lstm,48.20000000,47.15745163
2023-10-28,nbeatsx_lstm,48.00000000,48.04765701
2023-10-29,nbeatsx_lstm,47.90000000,47.56091690
2023-10-30,nbeatsx_lstm,52.20000000,48.24522781
2023-10-31,nbeatsx_lstm,52.70000000,51.51052475
2023-11-01,nbeatsx_lstm,52.50000000,53.25629044
2023-11-02,nbeatsx_lstm,52.00000000,52.31369781
2023-11-03,nbeatsx_lstm,52.10000000,51.88541794
2023-11-04,nbeatsx_lstm,52.50000000,53.27398300
2023-11-05,nbeatsx_lstm,52.10000000,51.51796341
2023-11-06,nbeatsx_lstm,51.70000000,52.03964996
2023-11-07,nbeatsx_lstm,50.90000000,51.69917297
2023-11-08,nbeatsx_lstm,50.40000000,51.24514389
2023-11-09,nbeatsx_lstm,49.80000000,50.40842056
2023-11-10,nbeatsx_lstm,49.60000000,50.04509735
2023-11-11,nbeatsx_lstm,49.20000000,49.34321594
2023-11-12,nbeatsx_lstm,48.90000000,49.03639984
2023-11-13,nbeatsx_lstm,48.30000000,48.46081924
2023-11-14,nbeatsx_lstm,48.20000000,48.22035980
2023-11-15,nbeatsx_lstm,48.40000000,48.73044586
2023-11-16,nbeatsx_lstm,48.40000000,47.58160019
2023-11-17,nbeatsx_lstm,48.00000000,47.77929688
2023-11-18,nbeatsx_lstm,47.70000000,48.05220795
2023-11-19,nbeatsx_lstm,50.80000000,48.23020935
2023-11-20,nbeatsx_lstm,51.90000000,48.54190445
2023-11-21,nbeatsx_lstm,51.60000000,50.74639511
2023-11-22,nbeatsx_lstm,50.90000000,51.49129486
2023-11-23,nbeatsx_lstm,49.90000000,50.92514801
2023-11-24,nbeatsx_lstm,49.30000000,50.19119644
2023-11-25,nbeatsx_lstm,48.70000000,49.54387283
2023-11-26,nbeatsx_lstm,48.00000000,48.66117477
2023-11-27,nbeatsx_lstm,47.10000000,48.10302734
2023-11-28,nbeatsx_lstm,46.10000000,47.47827530
2023-11-29,nbeatsx_lstm,45.70000000,46.92056656
2023-11-30,nbeatsx_lstm,44.70000000,45.68448257
2023-12-01,nbeatsx_lstm,44.10000000,45.39040756
2023-12-02,nbeatsx_lstm,44.00000000,44.32206345
2023-12-03,nbeatsx_lstm,41.50000000,43.80467224
2023-12-04,nbeatsx_lstm,43.30000000,43.79296875
2023-12-05,nbeatsx_lstm,47.90000000,41.28806305
2023-12-06,nbeatsx_lstm,51.90000000,43.90039444
2023-12-07,nbeatsx_lstm,51.00000000,47.75561142
2023-12-08,nbeatsx_lstm,49.70000000,51.46132660
2023-12-09,nbeatsx_lstm,48.50000000,50.17086029
2023-12-10,nbeatsx_lstm,48.40000000,49.01488876
2023-12-11,nbeatsx_lstm,48.80000000,47.80200577
2023-12-12,nbeatsx_lstm,46.90000000,47.98767853
2023-12-13,nbeatsx_lstm,44.50000000,48.31573868
2023-12-14,nbeatsx_lstm,44.10000000,46.33530426
2023-12-15,nbeatsx_lstm,43.10000000,43.92949295
2023-12-16,nbeatsx_lstm,40.70000000,43.46182632
2023-12-17,nbeatsx_lstm,38.70000000,42.41331100
2023-12-18,nbeatsx_lstm,36.50000000,39.74822235
2023-12-19,nbeatsx_lstm,35.30000000,38.39889908
2023-12-20,nbeatsx_lstm,34.50000000,36.08515167
2023-12-21,nbeatsx_lstm,33.10000000,34.73482132
2023-12-22,nbeatsx_lstm,31.90000000,33.96188736
2023-12-23,nbeatsx_lstm,33.00000000,32.98668671
2023-12-24,nbeatsx_lstm,32.10000000,31.66220093
2023-12-25,nbeatsx_lstm,35.00000000,32.66801453
2023-12-26,nbeatsx_lstm,43.90000000,33.41977310
2023-12-27,nbeatsx_lstm,43.50000000,35.02817154
2023-12-28,nbeatsx_lstm,42.60000000,43.36797714
2023-12-29,nbeatsx_lstm,46.50000000,43.12369156
2023-12-30,nbeatsx_lstm,51.40000000,47.18934250
2023-12-31,nbeatsx_lstm,50.40000000,46.02625275
2024-01-01,nbeatsx_lstm,51.50000000,54.28480911
2024-01-02,nbeatsx_lstm,50.20000000,49.71236420
2024-01-03,nbeatsx_lstm,49.00000000,50.98499298
2024-01-04,nbeatsx_lstm,48.00000000,49.70618439
2024-01-05,nbeatsx_lstm,47.50000000,48.47571182
2024-01-06,nbeatsx_lstm,48.50000000,48.41868973
2024-01-07,nbeatsx_lstm,49.00000000,47.57901001
2024-01-08,nbeatsx_lstm,47.80000000,47.97260284
2024-01-09,nbeatsx_lstm,46.50000000,48.61824036
2024-01-10,nbeatsx_lstm,45.00000000,47.31999588
2024-01-11,nbeatsx_lstm,44.40000000,46.03497314
2024-01-12,nbeatsx_lstm,41.40000000,44.53901291
2024-01-13,nbeatsx_lstm,39.10000000,43.91286850
2024-01-14,nbeatsx_lstm,36.60000000,40.69121552
2024-01-15,nbeatsx_lstm,39.90000000,38.58880615
2024-01-16,nbeatsx_lstm,48.10000000,38.53674698
2024-01-17,nbeatsx_lstm,46.40000000,39.77201080
2024-01-18,nbeatsx_lstm,45.30000000,47.63028717
2024-01-19,nbeatsx_lstm,46.30000000,46.05418015
2024-01-20,nbeatsx_lstm,47.50000000,45.52944946
2024-01-21,nbeatsx_lstm,45.40000000,45.96197510
2024-01-22,nbeatsx_lstm,45.40000000,47.07553864
2024-01-23,nbeatsx_lstm,45.00000000,45.31966400
2024-01-24,nbeatsx_lstm,41.30000000,45.09582901
2024-01-25,nbeatsx_lstm,38.80000000,44.53296661
2024-01-26,nbeatsx_lstm,36.50000000,40.83098984
2024-01-27,nbeatsx_lstm,34.50000000,38.44431305
2024-01-28,nbeatsx_lstm,37.60000000,36.21772385
2024-01-29,nbeatsx_lstm,46.40000000,36.20986938
2024-01-30,nbeatsx_lstm,44.50000000,37.28366089
2024-01-31,nbeatsx_lstm,42.60000000,45.94756699
2024-02-01,nbeatsx_lstm,40.60000000,44.00164413
2024-02-02,nbeatsx_lstm,38.60000000,42.04508972
2024-02-03,nbeatsx_lstm,46.00000000,40.32566071
2024-02-04,nbeatsx_lstm,45.70000000,40.08412170
2024-02-05,nbeatsx_lstm,44.50000000,45.30995941
2024-02-06,nbeatsx_lstm,42.80000000,44.94502640
2024-02-07,nbeatsx_lstm,40.70000000,43.76921082
2024-02-08,nbeatsx_lstm,38.40000000,42.05141068
2024-02-09,nbeatsx_lstm,36.30000000,39.92903137
2024-02-10,nbeatsx_lstm,35.00000000,48.16187668
2024-02-11,nbeatsx_lstm,33.50000000,35.65221786
2024-02-12,nbeatsx_lstm,31.70000000,34.48303986
2024-02-13,nbeatsx_lstm,30.40000000,33.04744339
2024-02-14,nbeatsx_lstm,29.00000000,31.26595306
2024-02-15,nbeatsx_lstm,27.50000000,30.00295258
2024-02-16,nbeatsx_lstm,26.40000000,28.75428581
2024-02-17,nbeatsx_lstm,25.30000000,27.25167656
2024-02-18,nbeatsx_lstm,24.20000000,25.96210670
2024-02-19,nbeatsx_lstm,23.40000000,25.08831787
2024-02-20,nbeatsx_lstm,22.60000000,23.91115379
2024-02-21,nbeatsx_lstm,21.70000000,23.21736526
2024-02-22,nbeatsx_lstm,21.00000000,22.28814888
2024-02-23,nbeatsx_lstm,20.50000000,21.37922096
2024-02-24,nbeatsx_lstm,19.90000000,20.74272728
2024-02-25,nbeatsx_lstm,21.50000000,20.27510643
2024-02-26,nbeatsx_lstm,30.00000000,21.18854713
2024-02-27,nbeatsx_lstm,31.50000000,21.96122742
2024-02-28,nbeatsx_lstm,31.60000000,29.74335861
2024-02-29,nbeatsx_lstm,31.80000000,31.44836998
2024-03-01,nbeatsx_lstm,30.40000000,31.09105873
2024-03-02,nbeatsx_lstm,28.90000000,31.19542694
2024-03-03,nbeatsx_lstm,29.70000000,29.92733383
2024-03-04,nbeatsx_lstm,33.70000000,29.53823853
2024-03-05,nbeatsx_lstm,40.50000000,31.78078651
2024-03-06,nbeatsx_lstm,39.10000000,34.22751236
2024-03-07,nbeatsx_lstm,38.20000000,39.96202469
2024-03-08,nbeatsx_lstm,37.50000000,38.56657410
2024-03-09,nbeatsx_lstm,36.60000000,37.68505096
2024-03-10,nbeatsx_lstm,35.50000000,36.92546844
2024-03-11,nbeatsx_lstm,34.30000000,35.94573975
2024-03-12,nbeatsx_lstm,33.20000000,35.16059875
2024-03-13,nbeatsx_lstm,32.60000000,34.09350586
2024-03-14,nbeatsx_lstm,31.50000000,32.95409775
2024-03-15,nbeatsx_lstm,30.70000000,32.28546524
2024-03-16,nbeatsx_lstm,32.10000000,31.58388519
2024-03-17,nbeatsx_lstm,31.10000000,30.33168602
2024-03-18,nbeatsx_lstm,30.00000000,31.72552681
2024-03-19,nbeatsx_lstm,28.90000000,30.73066711
2024-03-20,nbeatsx_lstm,27.70000000,29.69257355
2024-03-21,nbeatsx_lstm,26.60000000,28.35823631
2024-03-22,nbeatsx_lstm,25.90000000,27.35823631
2024-03-23,nbeatsx_lstm,25.60000000,26.17806244
2024-03-24,nbeatsx_lstm,25.60000000,25.93549347
2024-03-25,nbeatsx_lstm,25.30000000,25.32392883
2024-03-26,nbeatsx_lstm,24.90000000,25.22457886
2024-03-27,nbeatsx_lstm,24.60000000,25.13786888
2024-03-28,nbeatsx_lstm,24.40000000,24.69868469
2024-03-29,nbeatsx_lstm,27.10000000,24.68604469
2024-03-30,nbeatsx_lstm,27.00000000,24.47206497
2024-03-31,nbeatsx_lstm,26.40000000,26.65982437
2024-04-01,nbeatsx_lstm,25.70000000,26.60754776
2024-04-02,nbeatsx_lstm,25.30000000,26.11508560
2024-04-03,nbeatsx_lstm,24.70000000,25.40624428
2024-04-04,nbeatsx_lstm,24.20000000,25.04864120
2024-04-05,nbeatsx_lstm,24.00000000,24.34122658
2024-04-06,nbeatsx_lstm,29.20000000,24.02294540
2024-04-07,nbeatsx_lstm,32.00000000,24.84386063
2024-04-08,nbeatsx_lstm,31.60000000,29.04163551
2024-04-09,nbeatsx_lstm,34.10000000,32.14368439
2024-04-10,nbeatsx_lstm,33.60000000,31.56277275
2024-04-11,nbeatsx_lstm,33.70000000,33.92338943
2024-04-12,nbeatsx_lstm,44.60000000,34.35233688
2024-04-13,nbeatsx_lstm,40.80000000,35.45946503
2024-04-14,nbeatsx_lstm,40.20000000,44.63290405
2024-04-15,nbeatsx_lstm,39.90000000,40.64218521
2024-04-16,nbeatsx_lstm,39.40000000,39.96015930
2024-04-17,nbeatsx_lstm,39.00000000,39.64254379
2024-04-18,nbeatsx_lstm,38.80000000,39.19503403
2024-04-19,nbeatsx_lstm,39.70000000,38.82289505
2024-04-20,nbeatsx_lstm,48.80000000,39.20743942
2024-04-21,nbeatsx_lstm,45.90000000,41.44098663
2024-04-22,nbeatsx_lstm,45.80000000,48.54173279
2024-04-23,nbeatsx_lstm,46.40000000,45.60812378
2024-04-24,nbeatsx_lstm,42.20000000,45.44355774
2024-04-25,nbeatsx_lstm,41.90000000,46.06958008
2024-04-26,nbeatsx_lstm,41.80000000,41.83276367
2024-04-27,nbeatsx_lstm,41.60000000,41.63843536
2024-04-28,nbeatsx_lstm,41.40000000,41.47916412
2024-04-29,nbeatsx_lstm,41.30000000,41.14953613
2024-04-30,nbeatsx_lstm,40.20000000,41.23587418
2024-05-01,nbeatsx_lstm,41.10000000,41.36516571
2024-05-02,nbeatsx_lstm,42.70000000,39.91423798
2024-05-03,nbeatsx_lstm,42.70000000,40.91833878
2024-05-04,nbeatsx_lstm,42.60000000,42.32797241
2024-05-05,nbeatsx_lstm,42.30000000,42.54802322
2024-05-06,nbeatsx_lstm,42.20000000,42.34143829
2024-05-07,nbeatsx_lstm,41.90000000,42.09719086
2024-05-08,nbeatsx_lstm,41.70000000,41.82343292
2024-05-09,nbeatsx_lstm,41.50000000,41.47335052
2024-05-10,nbeatsx_lstm,41.20000000,41.24790573
2024-05-11,nbeatsx_lstm,41.00000000,40.96507645
2024-05-12,nbeatsx_lstm,40.80000000,40.76791000
2024-05-13,nbeatsx_lstm,40.50000000,40.58037567
2024-05-14,nbeatsx_lstm,40.10000000,40.51200867
2024-05-15,nbeatsx_lstm,41.20000000,40.20212555
2024-05-16,nbeatsx_lstm,42.60000000,41.85524368
2024-05-17,nbeatsx_lstm,43.20000000,41.12413025
2024-05-18,nbeatsx_lstm,44.70000000,42.17765427
2024-05-19,nbeatsx_lstm,44.50000000,42.60577011
2024-05-20,nbeatsx_lstm,45.80000000,44.19961548
2024-05-21,nbeatsx_lstm,50.40000000,50.23824310
2024-05-22,nbeatsx_lstm,48.00000000,45.81340408
2024-05-23,nbeatsx_lstm,48.50000000,50.23999023
