run,contract_address,repetition,pair_position,condition,date_key,returned_bytes,estimated_call_gas,rpc_call_seconds,readback_matches,decode_matches_source
run_a_raw_first,0x992114A8C3E975B003209ad5045d3c956E154901,1,1,raw,20240523,83,32279,1.0994790000004286,True,True
run_a_raw_first,0x992114A8C3E975B003209ad5045d3c956E154901,1,2,packed_bytes32,20240523,32,24664,1.084412500000326,True,True
run_a_raw_first,0x992114A8C3E975B003209ad5045d3c956E154901,2,1,packed_bytes32,20240523,32,24664,1.0816610000001674,True,True
run_a_raw_first,0x992114A8C3E975B003209ad5045d3c956E154901,2,2,raw,20240523,83,32279,1.1307556000001568,True,True
run_a_raw_first,0x992114A8C3E975B003209ad5045d3c956E154901,3,1,raw,20240523,83,32279,1.1707440000000133,True,True
run_a_raw_first,0x992114A8C3E975B003209ad5045d3c956E154901,3,2,packed_bytes32,20240523,32,24664,1.3680758000000424,True,True
run_a_raw_first,0x992114A8C3E975B003209ad5045d3c956E154901,4,1,packed_bytes32,20240523,32,24664,1.140407700000651,True,True
run_a_raw_first,0x992114A8C3E975B003209ad5045d3c956E154901,4,2,raw,20240523,83,32279,1.6978094000005512,True,True
run_a_raw_first,0x992114A8C3E975B003209ad5045d3c956E154901,5,1,raw,20240523,83,32279,1.4571478999996543,True,True
run_a_raw_first,0x992114A8C3E975B003209ad5045d3c956E154901,5,2,packed_bytes32,20240523,32,24664,1.0876915999997436,True,True
run_a_raw_first,0x992114A8C3E975B003209ad5045d3c956E154901,6,1,packed_bytes32,20240523,32,24664,1.161156000000119,True,True
run_a_raw_first,0x992114A8C3E975B003209ad5045d3c956E154901,6,2,raw,20240523,83,32279,1.431417199999487,True,True
run_a_raw_first,0x992114A8C3E975B003209ad5045d3c956E154901,7,1,raw,20240523,83,32279,1.6836363000002166,True,True
run_a_raw_first,0x992114A8C3E975B003209ad5045d3c956E154901,7,2,packed_bytes32,20240523,32,24664,2.4116807000000335,True,True
run_a_raw_first,0x992114A8C3E975B003209ad5045d3c956E154901,8,1,packed_bytes32,20240523,32,24664,1.5849882000002253,True,True
run_a_raw_first,0x992114A8C3E975B003209ad5045d3c956E154901,8,2,raw,20240523,83,32279,1.7025211000000127,True,True
run_a_raw_first,0x992114A8C3E975B003209ad5045d3c956E154901,9,1,raw,20240523,83,32279,1.2736754999996265,True,True
run_a_raw_first,0x992114A8C3E975B003209ad5045d3c956E154901,9,2,packed_bytes32,20240523,32,24664,1.4673901000005571,True,True
run_a_raw_first,0x992114A8C3E975B003209ad5045d3c956E154901,10,1,packed_bytes32,20240523,32,24664,1.4667662000001656,True,True
run_a_raw_first,0x992114A8C3E975B003209ad5045d3c956E154901,10,2,raw,20240523,83,32279,1.3983037999996668,True,True
run_a_raw_first,0x992114A8C3E975B003209ad5045d3c956E154901,11,1,raw,20240523,83,32279,1.6977881000002526,True,True
run_a_raw_first,0x992114A8C3E975B003209ad5045d3c956E154901,11,2,packed_bytes32,20240523,32,24664,1.8893256999999721,True,True
run_a_raw_first,0x992114A8C3E975B003209ad5045d3c956E154901,12,1,packed_bytes32,20240523,32,24664,2.1602837000000363,True,True
run_a_raw_first,0x992114A8C3E975B003209ad5045d3c956E154901,12,2,raw,20240523,83,32279,2.3835518999994747,True,True
run_a_raw_first,0x992114A8C3E975B003209ad5045d3c956E154901,13,1,raw,20240523,83,32279,1.658373400000528,True,True
run_a_raw_first,0x992114A8C3E975B003209ad5045d3c956E154901,13,2,packed_bytes32,20240523,32,24664,1.4855598999993163,True,True
run_a_raw_first,0x992114A8C3E975B003209ad5045d3c956E154901,14,1,packed_bytes32,20240523,32,24664,1.3513780000002953,True,True
run_a_raw_first,0x992114A8C3E975B003209ad5045d3c956E154901,14,2,raw,20240523,83,32279,1.146990199999891,True,True
run_a_raw_first,0x992114A8C3E975B003209ad5045d3c956E154901,15,1,raw,20240523,83,32279,1.2327385999997205,True,True
run_a_raw_first,0x992114A8C3E975B003209ad5045d3c956E154901,15,2,packed_bytes32,20240523,32,24664,1.1034755000000587,True,True
run_a_raw_first,0x992114A8C3E975B003209ad5045d3c956E154901,16,1,packed_bytes32,20240523,32,24664,1.1006508000000395,True,True
run_a_raw_first,0x992114A8C3E975B003209ad5045d3c956E154901,16,2,raw,20240523,83,32279,1.107690800000455,True,True
run_a_raw_first,0x992114A8C3E975B003209ad5045d3c956E154901,17,1,raw,20240523,83,32279,1.9118834999999308,True,True
run_a_raw_first,0x992114A8C3E975B003209ad5045d3c956E154901,17,2,packed_bytes32,20240523,32,24664,1.4709573000000091,True,True
run_a_raw_first,0x992114A8C3E975B003209ad5045d3c956E154901,18,1,packed_bytes32,20240523,32,24664,1.6539786000003005,True,True
run_a_raw_first,0x992114A8C3E975B003209ad5045d3c956E154901,18,2,raw,20240523,83,32279,1.2173923999998806,True,True
run_a_raw_first,0x992114A8C3E975B003209ad5045d3c956E154901,19,1,raw,20240523,83,32279,1.6913632000005236,True,True
run_a_raw_first,0x992114A8C3E975B003209ad5045d3c956E154901,19,2,packed_bytes32,20240523,32,24664,3.209052100000008,True,True
run_a_raw_first,0x992114A8C3E975B003209ad5045d3c956E154901,20,1,packed_bytes32,20240523,32,24664,2.812712900000406,True,True
run_a_raw_first,0x992114A8C3E975B003209ad5045d3c956E154901,20,2,raw,20240523,83,32279,1.2983784999996715,True,True
run_a_raw_first,0x992114A8C3E975B003209ad5045d3c956E154901,21,1,raw,20240523,83,32279,1.1546639000007417,True,True
run_a_raw_first,0x992114A8C3E975B003209ad5045d3c956E154901,21,2,packed_bytes32,20240523,32,24664,1.366158699999687,True,True
run_a_raw_first,0x992114A8C3E975B003209ad5045d3c956E154901,22,1,packed_bytes32,20240523,32,24664,1.079254199999923,True,True
run_a_raw_first,0x992114A8C3E975B003209ad5045d3c956E154901,22,2,raw,20240523,83,32279,1.3943762999997489,True,True
run_a_raw_first,0x992114A8C3E975B003209ad5045d3c956E154901,23,1,raw,20240523,83,32279,1.1040303999998287,True,True
run_a_raw_first,0x992114A8C3E975B003209ad5045d3c956E154901,23,2,packed_bytes32,20240523,32,24664,1.0632910999993328,True,True
run_a_raw_first,0x992114A8C3E975B003209ad5045d3c956E154901,24,1,packed_bytes32,20240523,32,24664,1.099389400000291,True,True
run_a_raw_first,0x992114A8C3E975B003209ad5045d3c956E154901,24,2,raw,20240523,83,32279,1.3838525999999547,True,True
run_a_raw_first,0x992114A8C3E975B003209ad5045d3c956E154901,25,1,raw,20240523,83,32279,1.3672624000000724,True,True
run_a_raw_first,0x992114A8C3E975B003209ad5045d3c956E154901,25,2,packed_bytes32,20240523,32,24664,1.1525947999998607,True,True
run_a_raw_first,0x992114A8C3E975B003209ad5045d3c956E154901,26,1,packed_bytes32,20240523,32,24664,1.3742881999996825,True,True
run_a_raw_first,0x992114A8C3E975B003209ad5045d3c956E154901,26,2,raw,20240523,83,32279,1.1207824000002802,True,True
run_a_raw_first,0x992114A8C3E975B003209ad5045d3c956E154901,27,1,raw,20240523,83,32279,1.408835100000033,True,True
run_a_raw_first,0x992114A8C3E975B003209ad5045d3c956E154901,27,2,packed_bytes32,20240523,32,24664,1.095041599999604,True,True
run_a_raw_first,0x992114A8C3E975B003209ad5045d3c956E154901,28,1,packed_bytes32,20240523,32,24664,1.3788422999996328,True,True
run_a_raw_first,0x992114A8C3E975B003209ad5045d3c956E154901,28,2,raw,20240523,83,32279,1.1248935000003257,True,True
run_a_raw_first,0x992114A8C3E975B003209ad5045d3c956E154901,29,1,raw,20240523,83,32279,1.31674109999949,True,True
run_a_raw_first,0x992114A8C3E975B003209ad5045d3c956E154901,29,2,packed_bytes32,20240523,32,24664,1.5882862999997087,True,True
run_a_raw_first,0x992114A8C3E975B003209ad5045d3c956E154901,30,1,packed_bytes32,20240523,32,24664,1.1109526999998707,True,True
run_a_raw_first,0x992114A8C3E975B003209ad5045d3c956E154901,30,2,raw,20240523,83,32279,1.3790750999996817,True,True
run_b_packed_first,0x7375A26C9c65B1574eCDbb8C6aa5121f70D4400b,1,1,raw,20240523,83,32279,1.8768228999997518,True,True
run_b_packed_first,0x7375A26C9c65B1574eCDbb8C6aa5121f70D4400b,1,2,packed_bytes32,20240523,32,24664,1.4096745000006194,True,True
run_b_packed_first,0x7375A26C9c65B1574eCDbb8C6aa5121f70D4400b,2,1,packed_bytes32,20240523,32,24664,1.088292200000069,True,True
run_b_packed_first,0x7375A26C9c65B1574eCDbb8C6aa5121f70D4400b,2,2,raw,20240523,83,32279,1.3916714000006323,True,True
run_b_packed_first,0x7375A26C9c65B1574eCDbb8C6aa5121f70D4400b,3,1,raw,20240523,83,32279,2.3210863999993308,True,True
run_b_packed_first,0x7375A26C9c65B1574eCDbb8C6aa5121f70D4400b,3,2,packed_bytes32,20240523,32,24664,1.3989010000004782,True,True
run_b_packed_first,0x7375A26C9c65B1574eCDbb8C6aa5121f70D4400b,4,1,packed_bytes32,20240523,32,24664,2.087815799999589,True,True
run_b_packed_first,0x7375A26C9c65B1574eCDbb8C6aa5121f70D4400b,4,2,raw,20240523,83,32279,1.1213112999994337,True,True
run_b_packed_first,0x7375A26C9c65B1574eCDbb8C6aa5121f70D4400b,5,1,raw,20240523,83,32279,1.1958130000002711,True,True
run_b_packed_first,0x7375A26C9c65B1574eCDbb8C6aa5121f70D4400b,5,2,packed_bytes32,20240523,32,24664,1.7407571999992797,True,True
run_b_packed_first,0x7375A26C9c65B1574eCDbb8C6aa5121f70D4400b,6,1,packed_bytes32,20240523,32,24664,1.112487900000815,True,True
run_b_packed_first,0x7375A26C9c65B1574eCDbb8C6aa5121f70D4400b,6,2,raw,20240523,83,32279,1.1050815999997212,True,True
run_b_packed_first,0x7375A26C9c65B1574eCDbb8C6aa5121f70D4400b,7,1,raw,20240523,83,32279,1.1076302999999825,True,True
run_b_packed_first,0x7375A26C9c65B1574eCDbb8C6aa5121f70D4400b,7,2,packed_bytes32,20240523,32,24664,1.3883590000004915,True,True
run_b_packed_first,0x7375A26C9c65B1574eCDbb8C6aa5121f70D4400b,8,1,packed_bytes32,20240523,32,24664,1.0707195000004504,True,True
run_b_packed_first,0x7375A26C9c65B1574eCDbb8C6aa5121f70D4400b,8,2,raw,20240523,83,32279,1.6864448000005723,True,True
run_b_packed_first,0x7375A26C9c65B1574eCDbb8C6aa5121f70D4400b,9,1,raw,20240523,83,32279,1.456282199999805,True,True
run_b_packed_first,0x7375A26C9c65B1574eCDbb8C6aa5121f70D4400b,9,2,packed_bytes32,20240523,32,24664,1.0791348000002472,True,True
run_b_packed_first,0x7375A26C9c65B1574eCDbb8C6aa5121f70D4400b,10,1,packed_bytes32,20240523,32,24664,1.39440630000081,True,True
run_b_packed_first,0x7375A26C9c65B1574eCDbb8C6aa5121f70D4400b,10,2,raw,20240523,83,32279,1.188635799999247,True,True
run_b_packed_first,0x7375A26C9c65B1574eCDbb8C6aa5121f70D4400b,11,1,raw,20240523,83,32279,1.1357799999996132,True,True
run_b_packed_first,0x7375A26C9c65B1574eCDbb8C6aa5121f70D4400b,11,2,packed_bytes32,20240523,32,24664,1.3780550999999832,True,True
run_b_packed_first,0x7375A26C9c65B1574eCDbb8C6aa5121f70D4400b,12,1,packed_bytes32,20240523,32,24664,1.4247557999997298,True,True
run_b_packed_first,0x7375A26C9c65B1574eCDbb8C6aa5121f70D4400b,12,2,raw,20240523,83,32279,1.3713726000005408,True,True
run_b_packed_first,0x7375A26C9c65B1574eCDbb8C6aa5121f70D4400b,13,1,raw,20240523,83,32279,1.7967165999998542,True,True
run_b_packed_first,0x7375A26C9c65B1574eCDbb8C6aa5121f70D4400b,13,2,packed_bytes32,20240523,32,24664,3.090624100000241,True,True
run_b_packed_first,0x7375A26C9c65B1574eCDbb8C6aa5121f70D4400b,14,1,packed_bytes32,20240523,32,24664,1.6465169000002788,True,True
run_b_packed_first,0x7375A26C9c65B1574eCDbb8C6aa5121f70D4400b,14,2,raw,20240523,83,32279,1.4058259999992515,True,True
run_b_packed_first,0x7375A26C9c65B1574eCDbb8C6aa5121f70D4400b,15,1,raw,20240523,83,32279,1.0934500000003027,True,True
run_b_packed_first,0x7375A26C9c65B1574eCDbb8C6aa5121f70D4400b,15,2,packed_bytes32,20240523,32,24664,1.1603706999994756,True,True
run_b_packed_first,0x7375A26C9c65B1574eCDbb8C6aa5121f70D4400b,16,1,packed_bytes32,20240523,32,24664,1.1061945999999807,True,True
run_b_packed_first,0x7375A26C9c65B1574eCDbb8C6aa5121f70D4400b,16,2,raw,20240523,83,32279,1.0770023000004585,True,True
run_b_packed_first,0x7375A26C9c65B1574eCDbb8C6aa5121f70D4400b,17,1,raw,20240523,83,32279,1.6416639999997642,True,True
run_b_packed_first,0x7375A26C9c65B1574eCDbb8C6aa5121f70D4400b,17,2,packed_bytes32,20240523,32,24664,1.0776432000002387,True,True
run_b_packed_first,0x7375A26C9c65B1574eCDbb8C6aa5121f70D4400b,18,1,packed_bytes32,20240523,32,24664,1.0759241000005204,True,True
run_b_packed_first,0x7375A26C9c65B1574eCDbb8C6aa5121f70D4400b,18,2,raw,20240523,83,32279,1.3692989000001035,True,True
run_b_packed_first,0x7375A26C9c65B1574eCDbb8C6aa5121f70D4400b,19,1,raw,20240523,83,32279,3.5663015000000087,True,True
run_b_packed_first,0x7375A26C9c65B1574eCDbb8C6aa5121f70D4400b,19,2,packed_bytes32,20240523,32,24664,1.357756800000061,True,True
run_b_packed_first,0x7375A26C9c65B1574eCDbb8C6aa5121f70D4400b,20,1,packed_bytes32,20240523,32,24664,1.3578040000002147,True,True
run_b_packed_first,0x7375A26C9c65B1574eCDbb8C6aa5121f70D4400b,20,2,raw,20240523,83,32279,1.0739462000001367,True,True
run_b_packed_first,0x7375A26C9c65B1574eCDbb8C6aa5121f70D4400b,21,1,raw,20240523,83,32279,1.6697537000000011,True,True
run_b_packed_first,0x7375A26C9c65B1574eCDbb8C6aa5121f70D4400b,21,2,packed_bytes32,20240523,32,24664,1.652854799999659,True,True
run_b_packed_first,0x7375A26C9c65B1574eCDbb8C6aa5121f70D4400b,22,1,packed_bytes32,20240523,32,24664,2.2669097999996666,True,True
run_b_packed_first,0x7375A26C9c65B1574eCDbb8C6aa5121f70D4400b,22,2,raw,20240523,83,32279,1.4140455999995538,True,True
run_b_packed_first,0x7375A26C9c65B1574eCDbb8C6aa5121f70D4400b,23,1,raw,20240523,83,32279,1.3100775000002614,True,True
run_b_packed_first,0x7375A26C9c65B1574eCDbb8C6aa5121f70D4400b,23,2,packed_bytes32,20240523,32,24664,1.4200455000000147,True,True
run_b_packed_first,0x7375A26C9c65B1574eCDbb8C6aa5121f70D4400b,24,1,packed_bytes32,20240523,32,24664,1.676572500000475,True,True
run_b_packed_first,0x7375A26C9c65B1574eCDbb8C6aa5121f70D4400b,24,2,raw,20240523,83,32279,1.38485799999944,True,True
run_b_packed_first,0x7375A26C9c65B1574eCDbb8C6aa5121f70D4400b,25,1,raw,20240523,83,32279,1.3685301999994408,True,True
run_b_packed_first,0x7375A26C9c65B1574eCDbb8C6aa5121f70D4400b,25,2,packed_bytes32,20240523,32,24664,1.3846649999995861,True,True
run_b_packed_first,0x7375A26C9c65B1574eCDbb8C6aa5121f70D4400b,26,1,packed_bytes32,20240523,32,24664,1.372048100000029,True,True
run_b_packed_first,0x7375A26C9c65B1574eCDbb8C6aa5121f70D4400b,26,2,raw,20240523,83,32279,1.0933097000006455,True,True
run_b_packed_first,0x7375A26C9c65B1574eCDbb8C6aa5121f70D4400b,27,1,raw,20240523,83,32279,2.0310607999999775,True,True
run_b_packed_first,0x7375A26C9c65B1574eCDbb8C6aa5121f70D4400b,27,2,packed_bytes32,20240523,32,24664,1.1312945999998192,True,True
run_b_packed_first,0x7375A26C9c65B1574eCDbb8C6aa5121f70D4400b,28,1,packed_bytes32,20240523,32,24664,2.1282522999999856,True,True
run_b_packed_first,0x7375A26C9c65B1574eCDbb8C6aa5121f70D4400b,28,2,raw,20240523,83,32279,1.837060400000155,True,True
run_b_packed_first,0x7375A26C9c65B1574eCDbb8C6aa5121f70D4400b,29,1,raw,20240523,83,32279,1.5394251999996413,True,True
run_b_packed_first,0x7375A26C9c65B1574eCDbb8C6aa5121f70D4400b,29,2,packed_bytes32,20240523,32,24664,1.1009617999998227,True,True
run_b_packed_first,0x7375A26C9c65B1574eCDbb8C6aa5121f70D4400b,30,1,packed_bytes32,20240523,32,24664,1.0905703999997058,True,True
run_b_packed_first,0x7375A26C9c65B1574eCDbb8C6aa5121f70D4400b,30,2,raw,20240523,83,32279,1.21067260000018,True,True
